aah,1
aahed,1
aahing,0
aahs,1
aalii,4
aaliis,3
aals,1
aargh,1
aarrgh,1
aarrghh,1
aasvogel,3
aasvogels,3
aba,0
aback,4
abaft,3
abs,4
abwatt,3
aby,3
acyl,3
ads,4
aff,1
aga,1
agama,3
agly,0
ahold,4
ahull,3
ain,1
ains,0
airn,0
airt,0
ais,0
ait,1
ala,1
alb,1
alky,3
alkyd,3
alkyl,4
alma,3
almeh,3
alp,4
alphorn,1
als,1
alt,4
alts,3
ambo,1
ammo,4
amyl,3
anti,3
antis,3
arak,3
arb,3
ardeb,3
arf,3
arfs,3
argils,1
arvo,1
aryl,3
atma,1
att,1
avo,1
avouch,3
awa,1
awl,4
awls,4
axman,4
ays,1
baa,3
babbler,3
babu,3
bads,4
baff,1
baffy,1
bah,3
baht,4
bal,1
baldric,3
bam,4
bap,1
baps,3
barky,1
barye,1
bas,3
batcher,1
bate,4
batt,1
bawd,4
bawty,0
bechalk,1
becharm,1
beck,4
becrawl,0
bedpost,4
bel,4
bema,1
ben,1
bendays,3
bens,1
benzal,3
berg,4
bergs,4
berm,3
beth,3
bethorn,3
bevor,3
bewig,1
bey,1
bhut,3
bibb,0
bibelot,3
bice,1
bidders,4
bier,3
bighted,3
bigly,1
bima,3
bimorph,3
bine,1
bint,3
bio,3
birk,3
birks,3
birl,3
birr,1
bisk,1
bisks,1
bitt,3
bittern,3
bittock,3
bitts,3
biz,3
bize,3
blah,4
blanch,4
blat,1
blaw,1
blawn,0
bleb,3
blent,1
blet,1
blets,0
blin,3
blip,4
boches,3
bock,3
bod,3
bods,3
bogy,0
bola,1
boll,4
bollix,3
bonduc,3
bonk,4
bonking,4
bopped,4
borstal,3
bort,1
bortz,3
bos,0
bosh,3
bosk,3
bota,3
botchy,1
bothy,1
bott,1
bowlike,3
boxful,1
boxy,4
brach,3
braky,1
brant,1
bravi,1
braxy,1
bready,4
bren,0
brens,0
brent,1
brin,1
brit,3
britts,1
bro,3
brocks,1
brr,3
brut,3
bub,1
budgie,3
buffi,1
buhl,3
buhr,3
bullock,3
bumf,1
bumfs,1
bund,3
bung,3
bunn,1
bur,1
burdock,3
burg,3
burghal,3
burl,4
burry,3
butty,1
byre,1
byrl,0
bys,3
byzant,3
cabling,3
cactoid,3
cadgy,3
caffein,1
cagy,4
cahow,3
caky,3
caldron,1
calif,1
calk,1
calo,1
calved,4
calx,3
cam,4
campo,3
campong,3
cams,4
canfuls,3
cant,3
caph,3
caprock,3
carb,3
carex,3
cark,3
carl,1
carmen,1
carn,1
carr,3
catbird,3
caul,1
cavil,3
cavy,3
caw,4
caws,3
cays,4
cedi,3
cee,3
ceil,3
cel,3
cels,1
celt,4
centile,3
centric,3
centrum,3
cep,1
cepe,1
ceps,3
chad,4
chalahs,1
chalkier,4
cham,3
chancel,3
chang,1
chapt,0
chaw,3
cheeping,3
chevy,1
chez,3
chi,4
chico,1
chid,1
childe,0
chile,4
chimb,1
chinned,3
chintz,4
chirk,1
chirm,1
chiro,1
chit,4
chivy,4
chon,1
chook,1
chub,4
chuddah,3
chufa,3
chyle,1
cibol,3
cine,1
cion,1
ciphony,0
circler,1
cis,1
cist,1
cithern,3
citral,3
civvy,4
clach,3
clack,3
clag,3
clang,3
clanged,3
clept,1
clift,1
clime,4
clomp,1
clon,0
clop,4
cloze,1
coacting,3
cobb,3
coca,4
coff,1
coffing,1
coft,1
coif,4
col,1
cole,3
collard,4
collets,1
coly,1
colza,3
colzas,3
combo,4
commy,1
comp,4
compart,3
comport,4
coni,1
conk,3
conn,1
conodont,3
conte,3
cony,1
cooch,3
copalms,3
copping,4
cor,0
corban,3
corf,3
corm,1
cormoid,3
corvets,1
cos,1
cote,3
cottier,1
coved,1
covin,3
cowl,4
cowman,1
cowy,1
cox,3
coxa,3
coz,3
cozen,3
cranch,1
crankly,1
crannog,4
craw,4
crazing,1
crepy,1
crick,4
crowner,3
crowners,3
croze,1
crozer,1
cruds,1
crus,1
crwth,3
cuddy,1
cuif,3
cuish,1
culch,3
culex,3
culm,1
cum,4
cur,4
curagh,3
curch,1
curf,1
curn,1
curr,1
cusk,1
cutwork,3
cutworm,3
cwm,3
cwms,3
cyma,3
cyme,3
cymol,3
dada,3
dado,1
dag,3
daglock,3
dah,3
dahl,3
dak,3
daks,3
dal,1
dals,3
dap,4
dato,3
davy,3
daw,3
dawk,1
dawt,0
del,3
delf,1
demo,4
demy,0
derm,1
dev,3
devs,3
dews,4
dex,3
dexy,3
dhak,3
dhal,3
dhobi,3
dido,1
didy,1
dilutor,3
dipt,1
dirk,3
dirl,0
dit,1
ditz,4
dixit,3
dogy,0
doit,1
dol,3
dolma,3
dom,3
domal,3
domic,3
dominick,1
doms,3
dong,3
dope,4
dor,0
dorm,4
dorp,0
dos,3
doth,4
doty,1
dow,3
dowdy,3
downy,3
doxy,1
dozy,1
drabs,3
dreg,4
dreggy,1
drek,1
dribs,1
droit,1
dropt,1
drossy,3
drylot,3
drys,1
duad,3
ducal,4
duckpin,3
ducky,3
dui,1
duit,1
dummied,3
dumpily,3
dun,4
dunt,3
dup,0
dupe,4
durn,1
dwelt,1
dyne,4
ectypes,3
edh,1
edhs,1
eff,4
effs,3
efs,1
eft,3
eggy,4
eld,1
elds,1
elks,4
ell,3
els,3
ems,3
encyst,3
eng,3
enows,1
ens,3
enwomb,0
enzyms,1
epact,3
erg,4
ergs,4
ern,1
ers,1
erst,3
espy,3
estops,1
eth,3
ethnos,1
eths,1
exogen,3
faddism,1
faddy,1
fado,3
fag,3
faggy,1
fags,3
falx,3
farci,1
fas,3
fash,3
fauve,3
fave,3
fay,3
fays,1
feck,1
feds,4
feh,3
fehs,3
fem,3
fems,1
fend,4
fenny,1
fer,0
fet,1
fets,1
fibber,4
fice,1
fiche,4
fico,1
fid,1
fido,3
fids,1
fil,1
fila,3
filo,3
fils,3
fink,4
firepot,3
firn,1
fisc,1
fitly,4
fivers,4
fives,4
fixit,3
fixt,1
fiz,1
fjeld,3
flabs,3
flam,3
flavin,3
flawy,0
flaxy,3
fleck,4
flews,1
flic,1
flocky,1
flong,1
fluky,4
flyting,1
fogy,1
foh,3
fohn,1
foin,1
folky,4
fon,0
fons,1
fop,4
forb,1
forky,1
formic,3
foss,3
foxhunt,3
foxings,1
fozy,1
frass,1
frit,1
fritt,1
fro,4
frow,1
frug,1
fub,0
fud,3
fuds,1
fug,0
fugs,1
fuji,1
fumy,1
furl,4
furze,1
furzy,1
futz,4
fuze,1
fuzed,1
fyce,0
fyke,0
gaby,1
gad,3
gadi,3
galax,3
gally,1
gamb,3
gammy,3
gan,1
ganjah,1
gar,4
gat,3
gaur,1
geck,1
gecks,1
ged,0
geds,1
geld,3
gelds,3
gelt,3
gemlike,3
gen,3
genro,3
gent,4
germen,1
gest,3
gey,1
ghat,3
ghi,1
gibe,4
giber,1
gie,3
gien,1
gilbert,3
gilt,4
gimme,4
gimp,4
gink,1
ginks,1
gip,1
girn,1
giro,1
girt,3
git,4
glary,1
glazy,3
gled,1
gleds,0
glim,1
glime,0
glims,3
globbier,1
glom,4
gloms,4
glop,3
gloze,1
glozed,0
goa,4
gobbler,4
gobo,3
goby,1
goldurn,1
gor,1
gorp,4
goutily,1
gowd,0
gowk,0
gox,3
grama,3
gramp,3
greys,3
grigs,3
gript,1
grosz,3
grot,1
guar,3
guck,1
guid,1
gul,1
gunky,4
gunlock,3
guttery,1
gutty,1
guv,1
guvs,0
gybe,0
gybed,0
gyp,3
gyps,3
gypsums,3
gyre,4
gyred,3
gyri,1
gyve,1
haaf,1
habu,3
hadal,4
hadj,3
haft,4
hah,3
haha,3
hahs,1
haik,3
haj,3
haji,3
hakim,3
halbert,1
hallels,1
halm,1
halma,3
halmas,3
halvas,3
hamal,3
hamals,3
hanky,3
hant,1
hao,3
hap,3
harl,1
hart,1
hatband,3
hath,4
haugh,3
haw,3
hebe,1
heft,4
heh,3
hehs,3
henry,3
hent,1
hep,3
herby,4
herl,1
herls,0
herm,0
hern,1
hes,1
het,1
heth,3
hetman,0
hets,1
hey,3
hic,3
hie,4
hili,3
hillock,4
hilum,3
hin,1
hins,1
hisn,3
hist,0
hmm,3
hob,3
hobs,3
hock,4
hockeys,3
hod,3
hodad,3
hods,1
hoer,3
hogfish,3
hogg,0
hokum,3
holk,3
holking,0
hollo,0
holm,3
holp,1
hols,1
holt,1
homburg,4
homo,1
homy,3
hon,3
hong,3
honky,4
hons,1
hove,3
howe,0
howf,3
howff,3
howk,1
howking,1
hows,1
hoy,1
hoya,4
huh,3
huic,3
hulk,4
hulks,4
hullo,3
humic,3
hun,3
hunh,3
hunky,3
hup,1
hurds,0
hwan,3
hyp,3
hyped,4
hyps,1
ich,1
ick,3
ids,3
iff,4
ifs,3
ilex,3
ilka,3
ilks,3
indow,1
inkers,3
ins,4
iracund,3
ism,3
isms,3
ixodid,3
izar,3
jackleg,1
jag,3
jammy,3
jarfuls,1
jarl,3
jauk,1
jaybird,1
jefe,3
jell,4
jenny,3
jete,3
jew,4
jill,3
jimp,0
jin,1
jink,1
jinn,1
jins,1
jism,4
jisms,3
joe,4
joggler,1
john,4
johns,4
joky,3
jole,1
josh,4
jow,1
jowl,4
jowly,1
joypop,1
jubbah,3
juga,3
jugal,3
jun,1
junkman,3
junks,4
jus,1
kab,3
kabs,3
kadi,3
kaf,3
kafs,3
kagu,3
kail,1
kaki,1
kampong,3
kana,3
kart,3
kas,3
kat,3
kata,3
kathode,0
kay,3
keck,0
kef,1
kefs,3
kens,1
kent,3
kerb,4
kerf,0
kex,1
khaf,3
khat,4
khet,3
khets,3
khi,0
kiddo,3
kif,3
kifs,3
kilty,1
kina,3
kins,1
kip,3
kips,3
kir,1
kirk,0
kirn,1
kirs,1
kist,3
kith,3
kithe,3
klong,3
knar,1
knop,1
koa,3
kob,0
kobs,3
kohl,3
kola,4
kolo,3
konk,1
kop,0
koph,3
kor,1
kors,1
kos,1
koss,3
kraft,1
kudo,1
kue,1
kulaki,1
kvas,1
kvass,4
kyack,1
kyak,1
kylix,3
kyte,1
kythe,3
laich,3
laity,4
lakh,3
laky,3
lang,3
lank,3
lar,3
larch,1
lars,3
lat,3
lath,3
lathy,3
lav,3
lave,3
laved,3
lavs,3
lax,4
lech,3
leches,3
leghorn,3
lehr,3
lek,3
leke,1
leks,3
leu,1
lev,1
lex,4
ley,4
lez,3
lib,3
likuta,3
lin,1
linn,0
lino,1
liny,1
littler,4
litu,1
loch,4
locknut,1
loppy,0
lorn,3
loth,1
lowborn,4
lown,1
luck,4
lum,1
lummox,3
lunk,3
lunt,0
luny,0
luv,1
luvs,1
lux,4
luxe,4
mack,3
mag,3
malm,1
malmy,1
mamluks,4
mans,3
marc,1
marl,3
matt,1
mattock,3
matzo,3
mavin,1
mawn,1
max,4
maxi,1
mazy,4
med,4
mel,1
mem,3
mems,3
merk,3
merl,1
merls,1
meshy,3
mew,4
mewl,4
mewls,4
mews,4
mib,3
mibs,1
mick,1
micro,3
midi,3
miff,4
mig,3
migs,3
milt,3
mim,1
mina,1
mincier,1
minx,4
mir,1
miri,3
mirk,3
mirky,3
miry,3
misdraw,1
mity,1
mitzvah,3
mixt,1
moa,1
moc,1
mod,3
modi,3
mods,3
mog,4
mohel,3
mojos,3
moly,3
momi,3
mon,3
monger,3
mony,0
mopy,3
mor,1
mora,3
morns,3
mort,3
mos,1
mosk,0
mot,1
mothy,3
mozo,3
muds,4
mugg,0
mugwort,3
mullah,3
mun,1
muntjak,3
mut,1
muton,0
muttons,3
myna,1
mynas,1
nada,4
naggy,1
nah,3
nan,4
nancy,4
nans,4
narc,4
narky,1
navar,1
naw,3
nay,4
neb,3
nebs,1
nertz,3
nett,1
nettled,1
netty,3
newsman,4
niblick,1
nidi,1
nilgau,3
nill,1
nim,3
nipa,3
nob,3
nobs,3
nock,1
nog,3
nogs,3
noh,3
nonfact,4
nonfarm,1
nonfood,3
nonpast,1
nonsuch,1
nos,3
nosh,4
nowt,0
nth,4
nullahs,3
nullity,4
nulls,4
nurl,0
nurls,1
nus,3
nutgall,1
obit,3
ods,1
odyl,3
oglers,3
ogrism,1
ohs,3
oka,1
oke,1
oldy,1
ole,4
oms,1
ons,1
opah,3
oped,1
ops,3
ora,1
ors,4
ort,4
orts,3
oud,1
outtalk,1
ova,4
ovoli,3
owlets,3
oxes,3
oxid,3
pah,1
pall,4
pallial,3
palp,3
pandect,1
pandy,1
paps,4
pas,1
paty,1
pawl,1
pax,4
pebbly,1
pec,3
pech,3
pecs,4
ped,3
pegbox,3
peh,1
perdy,3
pes,1
pfui,3
phis,3
phot,3
pht,1
pibroch,3
pic,3
piddock,3
piefort,1
pierrot,3
piggy,3
pika,3
pilaw,3
pillbox,4
pily,3
pima,3
pinwork,3
pion,3
pirn,3
piso,1
piu,1
pix,3
pixy,1
pleb,3
plexor,3
plexors,3
plotz,3
plunk,3
pock,3
pocky,4
pogy,1
poh,3
poi,4
pois,4
poky,3
pong,4
pooh,4
popery,3
porgy,1
porky,3
pouf,3
poufs,3
pow,4
prest,1
prex,1
prexy,3
prez,3
pro,4
prog,3
progger,1
psi,4
psst,3
psych,4
psychs,4
pud,1
puggish,1
pugh,3
pul,1
pula,3
pung,1
punky,3
pur,1
puri,3
purl,1
putz,4
pye,3
pyes,3
pyic,3
pyrope,3
pyx,3
rad,4
rah,3
rax,0
raylike,3
reb,1
rebury,3
rec,3
recrown,3
recrowns,3
ref,3
reg,3
reis,1
reitbok,4
rem,3
repo,3
res,1
ret,1
rets,1
rev,3
revs,3
rex,3
rhos,3
rhumb,3
ribwort,3
rick,1
rimy,3
rin,3
rins,1
rive,0
rollick,4
rollmop,1
rom,3
roms,1
ropy,1
rota,3
rotguts,1
rotl,1
ruck,3
ruckled,1
ruga,3
ruly,3
rusk,1
rutty,1
rya,4
ryke,1
ryked,0
sab,3
sal,1
sark,1
sawfly,4
sawn,4
sax,4
schizy,1
scowler,3
scowlers,3
scurfy,1
sei,3
selfs,1
sen,1
ser,1
sers,1
sett,1
shalt,4
shawm,0
shelvy,1
shh,3
shoji,3
shott,1
shri,3
silvan,1
sizar,3
skyed,1
slank,1
slipform,3
slojd,3
slojds,3
sloyd,3
slub,0
smalt,3
smew,1
smews,1
smirch,3
snath,1
snog,4
sol,3
sop,4
sot,3
sox,1
soyuz,3
spacy,4
speltz,3
spiv,3
sprug,1
sri,4
stet,4
strew,1
strewed,1
styed,1
sunbath,1
sup,3
swarf,1
swink,1
syli,1
synch,3
syndet,1
synth,4
syph,3
syphs,1
tabbied,1
tach,3
tacts,3
tahrs,3
taj,3
tala,3
taluk,3
tapa,3
tat,4
tav,1
taw,3
taxa,3
taxon,4
ted,1
teds,1
teff,3
tel,1
tenty,3
tet,4
teth,3
tets,1
teugh,1
tew,3
tews,1
tharm,1
thens,3
thill,0
tho,3
thy,4
til,3
tilak,3
tinct,3
tipcart,4
tipi,3
tirl,0
tiro,1
tivy,3
toby,1
tody,1
toft,1
tolu,3
tom,4
tong,4
tonging,1
toph,3
tor,3
torc,1
tortrix,3
tory,4
tot,4
towy,1
toyshop,1
tret,0
trets,0
tribrach,3
trifold,4
triol,3
tryma,3
tsk,3
tsked,3
tufty,1
tung,3
tup,3
tupik,3
turbary,3
turfy,3
turk,4
tut,3
tux,3
twa,3
tyne,1
tyned,0
typp,0
typy,1
tythe,0
ugh,3
ulva,3
ump,4
unfix,3
uns,0
unship,1
unwon,3
upbore,1
upbow,1
upby,1
upbye,1
updo,4
updove,1
updry,1
upgrow,3
uphove,1
upo,1
ups,4
urb,3
urd,1
uredo,3
uts,0
vac,3
vacs,3
vacua,1
var,1
vara,3
vars,1
vas,3
vav,0
vavs,0
vaw,3
veg,3
veld,1
vend,4
vermuth,1
vetch,1
vext,1
vibrion,3
vichy,3
vier,1
vig,3
vigas,3
vigs,3
vill,1
villi,1
vim,4
vino,4
vinos,4
viny,1
viol,3
viols,3
virgas,1
virl,3
virls,3
virtu,3
vis,1
viscoid,3
viva,3
vivas,3
vizir,1
vizor,1
vodun,1
voduns,1
voe,1
volti,3
vox,4
vroom,3
vrow,3
vug,0
vugh,3
vugs,0
vulgo,1
wab,1
wady,0
waff,3
waffs,3
walkup,4
wampums,4
wanguns,1
wark,1
waspy,3
wauk,3
waw,1
wawl,0
wecht,3
weft,4
wert,1
wha,3
wham,4
whammo,3
whams,3
whap,3
whaup,1
whelm,4
whelms,4
whens,3
whews,1
wheys,3
whomp,3
whop,1
whys,3
wich,1
wickyup,1
widder,3
widdy,3
wilful,1
willers,0
winnock,3
wis,1
wite,1
wivers,1
wiz,3
wizes,1
wop,3
worrits,1
wrang,1
wrapt,1
wrick,1
wud,1
wych,1
wye,1
wyle,0
wyn,0
wynd,1
wynds,1
wynn,1
wyns,1
wyte,0
wyted,0
yack,4
yacking,3
yang,4
yawl,3
yawp,3
yay,3
yech,3
yegg,3
yeh,3
yeld,1
yelk,1
yep,3
yett,1
yid,4
yids,3
yill,3
yip,3
yirr,1
yock,1
yod,3
yodh,3
yogh,3
yoghurt,3
yoks,1
yond,3
yuch,0
yuk,3
zag,4
zags,4
zarf,1
zed,3
zeds,3
zein,3
zek,3
zeks,1
zerk,3
zig,4
zigs,4
zill,1
zillahs,3
zin,1
zing,4
zonk,3
zori,3
zyme,3
aal,1
aas,1
agin,1
ama,1
amia,1
anas,1
ane,1
ares,1
ates,1
bach,1
bached,1
baches,1
baching,1
barding,1
bines,1
boweling,1
bowelling,1
brae,1
braes,1
brashier,1
brashiest,1
brassie,1
brassies,1
brinies,1
carina,1
carinae,1
carinal,1
carinas,1
carolus,1
caroluses,1
carrousel,1
carrousels,1
cate,1
cates,1
cerate,1
cerated,1
chaunt,1
chaunted,1
chaunter,1
chaunters,1
chaunts,1
compting,1
delate,1
delated,1
delates,1
delating,1
delation,1
drownd,1
drownded,1
drownding,1
drownds,1
estating,1
frillings,1
gabble,1
gabbled,1
gabbler,1
gabblers,1
gabbles,1
gam,1
gambe,1
gambes,1
gams,1
glassie,1
glassies,1
gratine,1
gratinee,1
gratineed,1
gratinees,1
haed,1
heathier,1
heathiest,1
insolate,1
insolated,1
insolates,1
lac,1
lacs,1
lade,1
laded,1
lader,1
laders,1
lades,1
lamster,1
lamsters,1
lares,1
las,1
laster,1
lasters,1
lea,1
leas,1
lier,1
liers,1
ling,1
lings,1
lis,1
macle,1
macled,1
macles,1
mae,1
mantlet,1
mantlets,1
mil,1
millier,1
milliers,1
ocreate,1
oping,1
outrang,1
pac,1
pacs,1
parr,1
parrs,1
pater,1
paters,1
pelite,1
pelites,1
pickeer,1
pickeered,1
pickeering,1
pickeers,1
piing,1
pina,1
pis,1
plaister,1
plaistered,1
plaistering,1
plaisters,1
plash,1
plashed,1
plasher,1
plashers,1
plashes,1
plashier,1
plashiest,1
plashing,1
prickier,1
prickiest,1
princesse,1
prise,1
prised,1
prises,1
prising,1
ras,1
rase,1
rased,1
raser,1
rasers,1
rases,1
scabble,1
scabbled,1
scabbles,1
siting,1
slating,1
slatings,1
solate,1
solated,1
solates,1
solating,1
spirt,1
spirted,1
spirting,1
spirts,1
stane,1
staned,1
stanes,1
stater,1
staters,1
strang,1
strappings,1
strick,1
strickle,1
strickled,1
strickles,1
strickling,1
stricks,1
stying,1
swith,1
swithe,1
swither,1
swithered,1
swithering,1
swithers,1
swithly,1
tae,1
tam,1
tas,1
thack,1
thacked,1
thacking,1
thacks,1
ting,1
treadle,1
treadled,1
treadler,1
treadlers,1
treadles,1
treadling,1
truing,1
unitize,1
unitized,1
unitizer,1
unitizers,1
unitizes,1
unitizing,1
wae,1
waes,1
whitter,1
whitters,1
wites,1
withe,1
withed,1
withes,1
withies,1
withiest,1
moth,6
men,6
hog,6
nix,6
jerky,6
flax,6
whim,6
poll,6
helix,6
jaw,6
rift,6
bike,6
chill,6
bulb,6
cot,6
why,6
vulgar,6
cell,6
goblets,6
cop,6
hangups,6
bang,6
rub,6
defy,6
jinxed,6
wig,6
lazy,6
duchy,6
bay,6
vest,6
furlong,6
din,6
talc,6
hilt,6
chomp,6
air,6
bun,6
log,6
publish,6
yen,6
lot,6
firs,6
cut,6
did,6
belch,6
boob,6
horah,6
part,6
hell,6
rubbing,6
dole,6
navy,6
forms,6
rite,6
just,6
bell,6
tuft,6
vinyl,6
grow,6
jeep,6
duo,6
tern,6
don,6
wilt,6
verb,6
kern,6
urn,6
mart,6
roll,6
vie,6
hid,6
jock,6
coat,6
hairball,6
art,6
sigh,6
down,6
bowl,6
calf,6
phi,6
dryly,6
nor,6
wit,6
bug,6
nom,6
fad,6
tad,6
damping,6
dud,6
cow,6
sap,6
got,6
herb,6
bong,6
lit,2
lich,6
cud,6
jolt,6
fennec,6
hogs,6
hack,6
work,6
cub,6
port,6
chump,6
tax,6
gin,6
bury,6
hut,6
wag,6
jog,6
our,6
twig,6
nippy,6
melt,6
mojo,6
gal,6
vain,6
channel,6
boil,6
vex,6
dew,6
lab,4
dock,6
firm,6
far,6
fun,6
lox,6
tack,6
lurk,6
call,6
rid,6
payment,6
gay,6
hub,6
tit,6
mollify,6
shawl,6
fez,6
pad,6
how,6
bow,6
den,6
humping,6
hurl,6
cry,6
hoot,6
hark,6
patient,6
sow,6
chunk,6
cusp,6
fit,6
void,6
pork,6
bunched,6
bird,6
arch,6
pug,6
hookers,6
foci,4
pen,6
hat,6
sin,6
holy,6
box,6
yap,6
ions,6
pod,6
worm,6
zilch,6
boor,6
aardvark,6
runty,6
fan,6
combing,6
fry,6
jar,6
rot,6
clef,6
cozy,6
hug,6
joy,6
puns,6
fussy,6
yon,6
funk,6
cod,6
mark,6
fob,6
bum,6
perm,4
hunt,6
wat,6
birth,6
subzero,6
zap,6
elm,6
harpy,6
divot,6
zip,6
warn,6
gap,6
vies,6
par,6
huffy,6
oft,6
broth,6
bids,6
fur,6
oar,6
chide,6
rich,6
hit,6
mock,6
gem,6
hop,6
digs,6
nutty,6
bolt,6
but,6
colt,6
copying,6
huck,6
dummy,6
odd,6
map,6
wigs,6
aardwolf,6
jarring,6
balm,6
beg,6
conch,6
jumpers,6
aardwolves,6
deny,6
fix,6
month,6
horn,6
begot,4
diva,6
the,6
ark,6
hayloft,4
pew,6
ritz,4
bays,6
van,6
lob,6
food,6
rug,6
card,6
crux,6
gels,6
pant,6
wrung,6
helm,6
maze,6
tics,6
due,6
pinworm,4
gel,6
let,6
ford,6
hex,6
hay,6
cab,6
wry,6
hunk,6
which,6
diarist,4
gun,6
lamp,6
dot,6
fads,6
truth,6
harmony,6
red,6
tilt,6
dis,3
pipe,6
nil,6
rung,6
grooming,6
guy,6
donkey,6
kid,6
mix,6
rho,6
rook,6
next,6
rig,6
hulking,6
cork,6
pat,6
wonk,6
victory,6
comb,6
shy,6
now,6
muck,6
peg,6
bold,6
pogrom,6
lad,6
lei,6
rim,6
sew,6
big,6
fib,6
ball,6
hew,4
jot,6
roc,4
tag,6
wick,6
mom,6
gig,6
bulk,6
curvy,6
hole,6
ghoul,6
help,6
aardvarks,6
mockup,6
fibs,6
very,6
chirp,6
bot,4
duty,6
lent,6
barn,6
rut,6
vow,6
zero,6
lutz,4
wok,6
vet,6
fig,6
gutsy,6
rip,6
doe,6
volt,6
form,6
cad,6
light,6
dumbest,6
pita,6
airlift,6
mend,6
pry,6
lice,6
hum,6
mirth,6
hire,6
bop,6
mat,6
cowlick,6
jib,6
hazy,6
aids,6
north,6
popcorn,6
ply,6
bent,6
flank,6
hooks,6
nut,6
four,6
him,6
pollock,4
fury,6
see,6
gawk,6
norm,6
both,6
can,6
cob,6
guns,6
punched,6
hold,6
front,6
perfect,6
pull,6
cog,6
handily,6
wax,6
hull,6
hot,6
lye,6
corn,6
chevron,6
fin,6
put,6
have,6
lucky,6
boy,6
walk,6
pox,6
rum,6
bad,6
mob,6
job,6
tang,6
kit,6
clamber,6
bat,6
flak,6
coddled,6
comfier,6
bog,6
clip,6
gown,6
coven,6
lawn,6
fifth,6
dad,6
open,6
lie,6
airflow,6
ant,6
ash,6
badgers,6
ballot,6
ban,6
bar,6
barf,6
bedroom,6
beds,6
beggars,6
best,6
betrays,6
bets,6
bid,6
bigs,4
bile,6
bin,6
bloc,6
booked,6
booth,6
broke,6
cable,6
cake,6
callow,4
cap,6
cat,6
cent,6
claw,6
clinch,6
clung,6
control,6
cult,6
curl,6
curt,6
dab,6
daggers,6
dam,6
dams,6
dang,6
dank,6
dark,6
days,6
debt,6
dent,6
dib,6
dike,6
dip,6
dish,6
doom,6
dug,6
fail,6
fair,6
fallow,6
fat,6
fault,6
felt,6
fen,6
fern,6
few,6
final,6
fir,6
fish,6
fishier,6
flail,6
flair,6
flit,6
font,6
fontina,6
fool,6
formant,4
frail,6
froth,6
gadgets,6
gag,6
gags,6
gamy,6
gang,6
get,6
gets,6
girth,6
gland,6
groom,6
gulf,6
gulp,6
gut,6
had,6
hag,6
hairs,6
hake,4
hale,4
halibut,6
hall,6
hand,6
hang,6
has,6
haze,6
hazed,6
hazel,6
hem,6
her,6
hertz,6
hied,4
hike,6
hiked,6
hill,6
hip,6
hiss,6
hoof,6
hook,6
hooked,6
hotbed,6
hotdog,4
hula,6
indrawn,4
jam,6
junky,4
keg,6
kept,6
key,6
kill,6
king,6
knight,6
knob,6
label,6
lace,6
laced,6
laid,6
lain,6
lam,6
lamb,6
land,6
lap,6
lard,6
law,6
laze,6
lazed,6
left,6
libel,6
lid,6
lift,6
like,6
liked,6
limp,6
lip,6
look,6
lop,6
lowball,6
lucid,6
ludic,4
lug,6
lung,6
lurid,6
mad,6
malt,6
man,6
mar,6
martial,6
martian,6
mast,6
mastery,6
mats,6
maw,6
may,6
mess,6
met,6
mind,6
mockery,6
mood,6
mop,6
morph,6
nab,6
nail,6
nap,6
nest,6
net,6
new,6
newt,6
nib,6
not,6
old,6
orb,6
pail,6
pain,6
pal,6
palm,6
pan,6
parboil,6
partial,6
pawn,6
pelt,6
pent,6
per,6
pert,6
perturb,6
pike,6
pile,6
pivot,6
prat,6
proving,6
pun,6
pungent,6
punter,6
radiant,6
radix,4
raggedy,6
ram,6
rampant,6
ran,6
rap,6
rat,6
raw,6
redfish,4
rent,6
rep,4
replumb,4
right,6
rob,6
rock,6
rockery,6
rod,6
romped,6
run,6
runt,6
ryas,4
sent,6
set,6
shed,6
adz,4
six,6
baggers,4
pintada,4
bani,1
barlow,3
beggary,1
beys,1
bhoot,1
boomed,3
brail,1
bungler,3
coir,1
cunt,3
cupid,3
dags,1
daric,1
debs,1
dey,1
deys,1
dieback,1
dishier,1
farl,1
filar,3
foy,1
frap,1
fuzil,1
gadgety,3
gads,1
gaff,3
gangland,1
gargets,1
gargety,1
gast,1
gats,1
gib,1
gibs,1
girshes,1
gnathal,1
grith,1
hacek,1
haled,3
hangtag,3
hank,1
hertzes,1
hoboed,1
hyrax,1
kep,1
khadi,1
kibe,1
lampion,1
laniard,1
lari,1
lati,1
lept,1
litoral,1
loof,1
luna,3
mads,3
mags,3
mandril,1
manward,1
mas,3
nam,1
nombril,3
pam,1
pandani,1
pelf,1
pia,1
pice,2
pintano,1
pol,1
pom,2
potherb,1
pudic,1
puli,1
raki,1
rampion,1
rayah,3
rebs,1
redbays,3
reft,1
rems,2
rif,1
rimland,1
rumbler,3
saggers,1
seg,1
serdabs,3
serfish,1
tain,1
tali,1
tams,1
teg,2
tegs,2
thorp,1
timpana,1
timpano,1
tollbar,1
torchon,1
troked,1
wen,1
xis,1
yah,1
yerk,1
yok,1
tab,6
taggers,4
tamp,4
promo,4
tags,6
tail,6
tallow,6
tan,6
tank,6
tap,6
tar,6
tun,4
taxi,6
temp,3
ten,6
term,6
throb,6
ton,6
trail,6
trap,6
tromp,4
tug,6
vouch,6
wad,6
wain,4
wan,6
want,6
war,6
ward,6
warm,6
wart,6
welt,6
went,6
wept,6
wild,6
win,6
wind,6
wrap,6
yam,6
yes,6
yet,6
zesty,6
zit,6
kelt,0
pos,0
becrowd,2
hen,6
bald,6
limn,4
pirl,2
bac,1
cay,4
wage,6
wog,1
bet,6
trug,2
hops,6
lion,6
hoc,0
gena,0
pet,6
rochets,2
vum,2
pape,0
cag,0
vins,2
tins,6
gowan,0
goban,2
cowan,0
caz,0
nach,2
pothery,2
torr,4
loke,0
band,6
yest,0
nacho,6
bogan,3
gob,6
wee,6
vole,6
sorcery,6
vor,0
trip,6
pelagic,4
neck,6
cert,2
bego,1
rotters,2
hest,0
tact,6
volk,2
gach,0
vent,6
web,6
vin,1
vint,2
violist,6
sill,6
won,6
mesh,6
toy,6
nyah,2
wove,6
rompers,6
conchae,3
pot,6
vats,6
ket,0
vild,0
toll,6
mint,6
mensh,0
tids,0
homs,2
dits,0
tremors,6
lechery,2
pohs,1
cowbane,3
soc,2
soh,0
boh,0
lionism,3
cal,3
mutts,6
vughy,0
tavs,1
cirl,2
tochers,0
wap,2
wems,2
peba,2
owche,2
merc,3
tehr,2
paretic,3
violins,6
pop,6
pothers,2
vutty,0
cohab,1
mistold,3
pep,6
midlist,4
thru,3
yom,2
love,6
ken,4
nid,2
pets,6
mothers,6
cope,6
boche,1
pory,2
posh,2
pest,6
hotty,2
nav,2
mils,3
reps,4
dactyls,4
robe,6
pap,6
vents,6
gust,6
koel,2
zebraic,1
glit,0
vids,2
tech,4
cotters,2
hogen,1
mino,1
bore,6
wuds,0
distill,6
div,1
hectors,6
musth,1
porters,4
lay,6
tee,6
gape,6
yorp,0
nag,6
luz,2
kewl,1
phang,2
tondini,2
canthal,4
rectory,2
page,6
calthas,2
vol,2
copters,3
torrets,2
welk,0
paw,6
batgirl,2
hemp,6
sov,0
pize,0
cleg,3
million,6
gawp,4
perc,3
pepo,2
meth,4
eew,1
soy,6
loin,6
vant,0
vat,6
tanbark,2
nek,0
vast,6
lowe,0
rothers,0
recs,4
typhose,2
coshery,0
yad,2
mutt,6
hotters,2
mill,6
pots,6
coy,6
pand,2
pown,0
dim,6
post,6
gothy,2
dunsh,2
hogan,2
gum,6
vom,3
mosh,6
pwn,3
moch,2
moy,2
rort,2
powan,2
wem,2
porrect,2
bhang,3
cape,6
dislimn,0
hems,6
nit,6
oil,6
vughs,1
mid,4
wed,6
bacon,6
glib,6
mech,4
zol,1
pretors,3
girl,6
tothers,2
vee,3
tems,2
halt,6
wet,6
vid,3
hellery,2
divs,2
compers,2
bag,6
wedlock,6
zappier,1
toc,2
bagh,2
baptize,6
pottery,6
hom,2
nits,6
gaw,2
coth,0
cowhage,2
rove,6
datchas,2
ceca,3
presort,3
caneh,2
che,0
hery,0
wets,2
noil,2
sept,2
caboc,2
romp,6
bedrock,6
vets,6
rest,6
vote,6
cage,6
grr,3
tenth,6
som,2
vandals,6
soph,2
capon,3
pegh,0
gab,6
yads,2
cowp,0
thro,0
lowt,2
pope,6
meh,3
tath,2
day,6
saltcat,2
tid,0
mothery,2
rory,0
tin,6
try,6
hos,3
mug,6
top,6
cohen,2
mild,6
ruth,2
myc,1
minions,6
lint,6
mets,2
banc,2
wena,2
pace,6
bagpipe,3
copen,2
eek,3
bez,2
tops,6
lew,2
perp,4
hums,6
scath,0
zite,0
partan,0
howbe,0
raze,6
cablet,2
vants,0
tell,6
covelet,2
gents,3
race,6
gila,4
peri,1
caret,6
recal,0
gums,6
hunts,6
tay,0
heckler,6
trompes,1
dant,0
bite,6
zila,0
hurt,6
pip,6
dugs,2
netts,2
gibel,2
zloty,4
ragi,2
pacer,4
whelk,4
gite,1
tansy,4
petal,6
kow,2
gari,2
legit,4
taber,3
dovelet,2
petar,0
each,6
canty,0
nats,2
gov,2
royster,1
bon,0
wrythen,0
gale,6
lacer,2
peptic,4
cans,6
tanh,0
graip,2
gater,1
pipal,2
begar,1
rale,4
wreck,6
liger,4
kanban,4
tends,6
kell,0
keb,2
dancy,2
pir,2
gon,1
pance,0
chant,6
rate,6
duh,3
tasty,6
grrl,1
myth,6
biter,4
carp,6
tum,6
clats,0
pone,1
cire,2
rape,4
gane,0
mud,6
catty,6
torcher,0
reports,6
natch,2
coveter,4
table,6
nasty,6
paper,6
daych,0
cager,2
beta,4
riza,2
hews,4
plant,6
lant,2
revoted,2
tiger,6
lite,4
blew,6
pibal,2
voweled,2
lads,6
bit,6
gert,0
tare,4
bone,6
vly,2
ripe,6
vends,4
tyg,2
woah,4
pale,6
wencher,1
bled,6
gazer,4
lyncher,3
balti,2
hands,6
tarpan,2
liber,2
paler,6
barkan,2
lah,0
pare,6
caper,6
clast,2
zep,0
car,6
bandar,1
lyttas,1
weds,6
revoked,6
mungs,2
hads,0
nas,0
recit,1
liter,6
becap,2
erk,0
biga,1
nads,2
leg,6
late,6
dans,3
lahs,0
rechew,2
lig,0
riba,1
cants,3
natty,4
lipe,2
palet,2
zho,2
lash,6
salt,6
trem,0
vrot,1
bland,6
pilar,3
gilet,2
gonch,0
hats,6
gleba,0
belar,2
gurl,0
vums,2
plage,2
teths,2
relit,3
knelt,6
zari,2
plantar,6
baltic,2
lipa,3
relic,6
dan,4
muts,1
pel,0
prem,0
pical,2
tepal,3
capi,3
tepa,2
wends,4
chewy,6
recap,6
tale,6
bepat,0
gare,0
tape,6
cantal,2
cigar,6
rabi,2
tig,0
newts,6
troches,1
huts,6
graze,6
grape,6
mugs,6
canst,0
rez,2
tugs,6
henley,4
tanty,0
bicep,4
zibet,2
tic,6
gaze,6
han,0
rotches,0
ponce,2
trey,3
cig,3
glaze,6
nope,3
munts,1
cats,6
blank,6
clew,4
last,6
cit,0
dalts,0
lep,0
yacht,6
tiz,1
scatt,0
bowne,0
gone,6
bant,2
bezil,1
lacet,2
pela,2
telic,3
vidiots,2
bocce,6
nache,4
tums,2
yahs,1
clerk,6
hast,0
tace,2
lager,6
wey,2
lintols,2
pica,3
pila,3
das,1
hewn,4
coveted,6
tabi,2
wane,6
vandal,6
guts,6
wents,0
regal,6
pit,6
welcher,1
lare,0
tash,0
rok,1
zel,2
rib,6
hugs,6
caber,3
pak,0
yald,0
pig,6
hadst,0
lecher,4
cite,6
cater,6
rebit,2
nat,2
tiler,3
calp,2
gate,6
zati,2
care,6
piper,6
hance,2
yutz,2
gaper,3
rag,6
pager,6
tige,2
compter,0
pipet,4
tyer,2
dungs,2
pane,6
larnt,0
bonce,2
halts,6
roch,2
tice,0
cyphers,2
most,6
sad,6
kewler,1
smothery,2
bank,6
nabk,2
plank,6
tec,0
termors,1
mux,1
newly,6
salty,6
hench,2
bard,6
numb,6
rhy,0
newb,2
tarp,6
riz,1
rectors,2
hept,0
wench,6
yelt,0
tyro,2
banak,2
tile,6
rukh,0
potcher,2
kelter,2
berk,2
dalt,0
rice,6
baler,3
cors,2
kabab,3
pandar,0
mes,2
torchers,1
hech,0
rand,4
rabat,2
bench,6
teller,6
kench,2
tryp,0
curb,6
letch,2
vasty,0
ryot,1
bagel,6
kabar,0
rocs,4
overdeck,2
was,6
dahs,1
urbex,2
nuptial,6
irk,6
pursy,1
buy,6
lud,0
zen,6
daps,3
nep,1
tyke,6
rely,6
waxy,4
path,6
conky,2
drusy,3
juts,6
jud,2
pads,6
yex,6
jay,6
cooly,1
cocking,6
jug,6
tub,6
caf,1
pincurl,4
loo,6
reply,6
cly,0
hick,6
yum,2
kye,2
with,6
cock,6
logy,1
saw,6
hinky,2
cozying,4
foys,0
crabbit,2
belly,6
calpac,2
pudsy,2
licker,3
joys,6
tauric,2
whitrack,0
yaff,0
kyle,0
cacoon,2
bib,6
naff,1
wai,1
rai,2
tog,1
palsy,6
yup,2
yups,2
paysd,0
prosy,2
whir,4
tract,6
long,6
pricy,3
fady,2
pin,6
cafs,1
doys,0
tix,2
kaw,1
ned,1
give,6
fundy,3
wuz,1
con,6
fornent,0
bump,6
hatlike,2
glike,0
belt,6
haply,1
cobbler,6
munt,0
fest,4
tak,0
withal,4
jest,6
wiry,6
fard,2
yelp,6
gump,2
wily,6
haglike,2
wex,0
whilk,0
nobbler,2
cone,6
renk,0
klieg,2
moblogs,2
lag,6
levy,6
littery,1
fund,6
lune,2
village,6
retwist,2
fand,2
moghuls,0
sorbent,2
jol,1
yurt,6
pulpy,4
fes,1
tef,1
yuck,3
aiglet,2
lun,1
polje,1
witters,2
nef,2
fog,6
pern,2
lardy,2
listeth,0
deb,0
pub,6
tewhits,0
foul,6
pay,6
slithery,2
jeff,1
cupel,2
forlent,0
low,6
cuz,2
nowl,0
gak,2
houf,0
vag,2
cardy,2
wish,6
huckery,0
wettish,2
curled,6
court,6
churl,2
darling,6
bawling,6
puky,2
calming,6
zobo,2
dimp,2
kelp,6
lacy,6
kotched,1
dry,6
carping,4
cred,3
glee,6
weel,2
york,2
luncher,2
warding,6
tripery,2
flow,6
tind,2
warling,0
courb,0
inby,0
etch,6
zoot,3
pattern,6
wintery,4
chow,6
wof,0
yerd,0
dint,4
lewd,6
nattery,2
lapwing,4
bind,6
weet,0
yunx,0
venturi,2
led,6
buys,6
telt,0
bulge,6
rue,6
feedlot,5
nub,6
bedirty,1
puckery,2
ren,2
dink,4
bozo,6
century,6
warping,6
reprint,6
hithe,1
busy,6
yell,6
pell,3
dell,4
urns,6
yin,3
dubs,6
butlery,2
cutlery,6
tall,6
weld,6
lithe,6
wimp,6
uey,3
larceny,6
virtues,6
cattery,2
dinmont,0
wile,6
cup,6
bugle,6
dep,2
rollock,2
rend,6
whot,2
turn,6
camping,6
goe,2
ruc,2
lolz,1
flew,6
carling,2
ramping,6
lur,2
leugh,0
leir,0
larding,1
lecturn,0
wide,6
muzhik,2
gub,2
rud,2
fee,6
kind,6
leud,1
peck,6
nuttery,1
hutlike,1
carding,4
lend,6
turnipy,2
roky,0
woe,6
twee,6
tink,2
nectary,2
goth,4
outrock,1
tranect,0
bed,6
kon,0
kolhoz,2
tow,6
punced,0
buds,6
flog,6
bor,1
nerd,6
dern,2
pulk,2
butle,1
crout,2
nixy,2
mortify,6
puy,2
teld,0
tallent,0
pend,4
delt,2
prudent,6
curpel,0
miz,2
retunds,2
wot,1
diverts,6
nod,6
wiel,2
feg,0
buke,0
prunier,3
preludi,2
churn,6
luke,2
dentary,3
fleg,0
penk,1
xed,2
revuist,2
gulet,2
brux,2
pedlary,2
cunner,1
felched,1
clout,6
limb,6
balding,6
disturb,6
kueh,2
runtier,3
reptant,2
mac,2
nurdier,0
puncher,3
zobu,2
hote,0
rullock,2
hockled,0
zimb,2
heckled,6
grisons,2
randon,0
writerly,2
bushlot,2
soys,2
bookful,2
woks,6
nox,1
doh,1
malty,4
gant,0
crush,6
gory,6
rattlin,2
bus,6
handjob,3
bothans,0
burd,0
dob,0
burps,6
lanx,0
lym,0
prunted,2
bud,6
latch,6
shut,6
sudor,1
rits,0
palmy,1
spot,6
orgy,4
urp,2
voids,6
roos,3
riel,2
gos,1
wowf,0
birched,2
choicest,4
toshier,2
horme,1
les,1
turbo,6
curny,1
bura,1
cromb,1
hillers,2
microhm,3
ruin,6
meri,2
reo,2
homed,4
dambrod,2
core,6
mucin,4
seir,2
gosh,6
tabor,4
robed,6
fum,1
sect,6
def,1
ricy,1
cami,2
doer,4
darb,2
till,6
shet,0
hectics,1
curran,0
dub,6
hits,6
warb,0
homier,4
sel,0
rimed,2
mobe,0
duro,2
tufa,2
ferm,0
mard,0
dumbo,2
bawr,0
murid,3
dura,2
tuba,6
doric,2
kauri,2
fed,6
direr,6
dural,2
tardo,2
humid,6
farm,6
bored,6
mochier,0
mho,4
geo,2
lilo,1
murram,2
ruby,6
chillers,2
kin,6
chiv,0
runway,6
dof,0
gillers,2
borm,0
dorr,0
winy,2
cid,2
boric,4
maror,2
hostler,2
bahu,2
holster,6
krubi,2
laic,4
yuca,3
heir,6
murlain,1
for,6
org,2
sig,0
wary,6
motu,2
bruin,6
tich,0
coheirs,2
brimmer,2
gotches,0
erm,2
loiters,6
yarn,6
tumor,6
orf,2
bichord,3
yark,0
furr,0
dobra,2
dart,6
microbe,6
kuna,2
ciels,0
vincula,2
bommie,0
coll,0
homme,1
vinal,2
dulcian,1
rollie,2
rund,0
heriots,2
cored,6
cria,2
ill,6
wany,1
shiel,0
vauch,0
crank,6
draft,6
corsite,2
dorb,0
barm,4
sith,2
tercios,3
taro,4
dimer,3
bawn,0
cray,1
farro,3
choil,2
chimo,0
bromid,2
budo,2
rank,6
fora,4
cill,1
regs,0
cosier,3
cumin,6
mome,0
gis,4
burin,2
goel,2
curry,6
rato,2
lictor,2
rit,0
corset,6
vuln,2
duma,2
hollers,6
rack,6
valium,2
hore,0
faurd,0
mode,6
collies,6
ger,2
cider,6
fired,6
chocs,0
collie,6
riced,3
wair,2
bide,6
hider,3
corgis,6
wrack,6
rimer,2
tocher,0
cloth,6
dumb,6
bink,0
rawn,0
lehrs,2
burn,6
his,6
rani,2
way,6
leish,0
cabin,6
elt,1
forum,6
firmer,6
kai,2
yirk,2
nurd,0
mire,6
coch,0
come,6
brick,6
ramin,2
fubar,2
mudra,2
forbid,6
sog,3
brrr,1
yawn,6
choli,2
miro,2
drub,6
bardo,2
karn,0
buat,0
crith,3
code,6
foam,6
bray,6
rei,2
dorba,0
colls,0
bourd,0
lector,3
wank,4
coil,6
ceils,2
tod,2
cores,6
orchel,2
cauld,0
combier,2
raku,2
chogs,0
orc,6
hello,6
malic,4
krai,2
ceroc,2
hirer,2
coils,6
turm,2
bider,2
waur,0
cellos,6
ard,2
dif,0
road,6
lith,1
ord,2
teil,2
hormic,2
rotchie,2
madtom,2
girsh,2
dicer,4
buck,6
umm,2
foumart,2
kuri,2
baric,4
buda,1
lores,3
faro,4
colters,2
tes,0
briny,6
toad,6
recoil,6
rival,6
lictors,2
sich,0
sorel,0
mani,2
marmot,6
hills,6
cran,2
och,0
dali,2
modem,6
comer,3
cories,2
ricer,3
cols,2
wirra,2
runic,4
bundh,2
crunk,2
hillos,0
rumba,2
cosh,2
logier,2
roma,2
rain,6
karri,2
from,6
yaw,4
fehm,2
riles,6
mudir,2
coles,2
cires,2
lor,0
rawin,2
richt,0
bout,6
drat,3
doum,2
divna,0
toils,6
rout,6
fire,6
firer,3
mand,0
ratu,2
losh,0
cher,2
corer,4
loser,6
wicky,2
cithers,2
chauvin,2
foud,1
reh,2
ceorlish,0
hotel,6
dime,6
rifer,4
rav,2
dort,0
theic,2
mice,6
cadi,2
brik,2
rices,4
roum,0
tambour,2
chav,2
roles,6
ciel,0
sech,0
recto,2
sic,6
coit,2
cither,2
cigs,2
hoister,2
fart,6
dome,6
foram,2
mohr,2
child,6
rumal,2
bru,2
carry,6
buna,2
hide,6
murva,2
soccer,6
fiord,0
rohe,2
cosec,0
dice,6
nark,2
vali,2
sice,2
roric,2
calid,2
yak,6
gers,2
rime,4
carby,2
muni,2
curd,6
drum,6
eorls,0
huma,2
mime,6
marrum,0
hosel,2
chib,0
comber,2
techs,3
daud,0
sit,6
collier,4
fibre,1
human,6
arm,6
holes,6
rife,6
soler,2
boma,2
helo,0
rubin,2
brak,2
rellos,2
loti,2
chloric,4
ham,6
seric,3
ride,6
lunar,6
ria,4
lorel,2
faut,6
arc,6
dire,6
halid,2
valid,6
fiber,6
dormice,4
mum,6
sec,2
nival,2
cauk,2
rubric,6
siroc,3
hoi,2
clogs,6
brad,6
bord,0
tigers,6
minbar,2
daft,6
fore,6
vidual,2
loci,4
drad,0
bavin,2
raik,0
tecs,0
cero,2
vau,2
kirby,2
lies,6
munch,6
damn,4
hauld,0
daut,0
rami,2
buckra,2
raft,6
fremd,0
list,6
clothier,4
auk,4
ceric,3
siler,2
duar,2
redo,6
moder,2
ills,6
wack,2
costrel,2
rink,6
haud,0
orchels,2
marid,2
balu,2
heirdom,2
lets,6
dout,0
demob,2
choicer,4
viral,6
dich,0
rind,6
burk,1
eorl,0
birch,6
dod,0
tie,6
march,6
lubric,0
horde,6
mucid,3
wacky,6
ravin,2
forrad,0
cells,6
bauk,0
doc,2
kbar,0
loche,2
homeric,2
vicar,6
cawk,2
memo,3
hail,6
trochils,2
brink,6
chortles,6
baur,0
rabid,6
rore,0
dimbo,0
raun,0
dum,2
arum,3
homer,4
chirred,2
tells,6
via,6
fab,2
brat,6
airy,6
trochil,2
sego,2
yar,2
lind,2
kaury,2
racy,6
mundic,2
mural,6
crab,6
corslet,2
crit,2
crura,2
hostel,6
tels,2
daub,6
braid,6
abut,6
rill,2
chirl,0
rehs,2
chum,6
mimer,3
combi,2
ramrod,6
murr,2
deiform,3
she,6
crim,1
crib,6
nikab,2
hori,2
nickar,2
datum,4
mochi,4
uranic,3
rigs,6
nimb,2
chis,3
roe,6
rabic,2
chur,0
cord,6
ceorl,0
divan,4
mic,2
fort,6
maud,2
ehs,2
nucha,2
crochets,6
wanky,0
deco,2
rumor,6
bricky,2
hild,0
gill,6
hots,3
kyu,3
gors,2
recco,0
sho,2
hors,2
frab,2
rohes,2
tomb,2
hard,6
cits,2
rubai,2
furor,6
fibro,2
sort,6
ciceros,2
gollies,2
locis,2
brod,0
dorad,2
licht,0
los,0
crochet,6
coltish,4
boat,6
cide,0
bark,6
retch,6
lubra,2
avid,6
rochet,2
clegs,2
herd,6
riva,2
brachium,2
mura,2
bora,2
burr,6
mauvin,2
runch,2
vial,6
toil,6
sir,6
cebid,2
numdah,2
hind,6
losel,1
corbe,0
choreic,2
moat,6
corse,0
clavi,2
buik,0
litre,1
cirls,2
ary,0
dore,2
legs,6
leis,6
comm,2
citoles,2
cills,0
rode,6
mam,2
brand,6
dram,4
vril,2
much,6
tholi,2
briary,2
moched,2
mirv,1
refi,2
hoser,3
circs,0
nur,2
durr,2
combe,2
vina,2
murra,2
unci,2
orad,2
lochs,2
rills,2
boi,0
alum,3
miha,2
seil,2
domier,2
chommie,2
machi,2
cogs,6
logs,6
lore,6
bormed,2
bode,6
vail,2
mali,2
chortle,6
laud,6
citer,2
lectors,2
trod,6
coder,4
bra,6
club,6
rark,0
board,6
ois,2
hemic,2
warby,0
murl,0
bufo,2
rille,2
hoes,6
mich,2
lunch,6
home,6
heil,1
trad,0
krab,0
auld,0
ryu,2
broched,0
rider,6
derro,0
rima,2
borde,0
force,6
out,6
torches,6
knurr,2
ligs,2
linch,2
doubt,6
fra,2
hers,6
rolls,6
chirt,2
toe,6
vulcan,4
mica,4
lira,3
hose,6
vinca,2
dobe,2
morbid,6
tubar,2
rubli,2
horse,6
nurr,2
tollies,2
their,6
marm,2
roam,6
namu,2
brawn,6
hies,2
richest,6
hells,3
ayu,2
yuan,4
reif,2
barry,2
more,6
dour,6
harim,2
mired,6
chog,2
rudd,3
brucin,2
chiller,3
certs,0
rhombic,4
socle,2
aft,4
crud,6
cerci,2
rile,6
rurban,2
cesti,2
lisle,2
doat,0
rimu,2
turd,4
telco,2
telcos,2
tills,6
vincular,2
loches,2
logic,6
shill,6
colter,2
lire,3
ink,6
shirt,6
format,6
miche,2
buran,2
celli,3
carny,2
inky,2
thigs,0
chest,6
drab,6
coths,2
geits,2
harm,6
chime,2
rhies,0
unbar,2
tour,6
collet,2
tiches,0
bandh,2
knur,2
uric,4
resto,0
sigher,2
hired,6
chemo,2
maun,0
goes,6
haulm,2
cercis,2
ray,6
gotch,0
locie,2
cosher,2
rotche,1
clote,2
grist,6
build,6
riem,2
hero,6
hillo,0
heils,1
memoir,6
maduro,2
forbad,0
bawk,2
hector,6
clubhand,2
briar,6
unary,4
giller,2
drib,2
colic,4
coste,0
mal,2
sell,6
dei,2
giros,2
crits,1
heirs,6
colies,2
secco,2
tabu,2
yarr,1
gilts,2
defo,0
stoic,6
baud,4
awk,1
viand,2
gios,2
loges,2
knarry,2
curia,2
goris,2
croci,2
iller,3
forme,2
trigs,1
rotch,2
coiler,2
orgic,2
reshot,3
ocher,2
girls,6
luma,2
tres,1
doab,2
recoils,6
loric,2
holier,6
toric,2
helot,2
milch,2
shier,3
thirl,2
blad,0
biform,2
add,6
anbury,2
anvil,6
auric,4
awn,4
baft,2
bao,2
barium,6
barny,2
bhuna,2
biach,0
birdman,2
blam,2
blind,6
blud,1
bluid,0
blur,6
boar,6
brawny,6
brim,6
bruchid,2
brunch,6
bunk,6
burka,3
cauri,2
celts,2
chadri,2
chair,6
charm,6
chem,0
chert,3
chics,1
chiel,0
chimar,2
chiru,2
chits,2
choir,6
cholic,3
choric,2
clad,6
claim,6
clam,6
clits,1
coed,2
cogie,0
coheir,2
colts,6
corgi,6
crinum,2
crogs,0
crome,2
cru,2
crumb,6
curari,2
dharmic,3
dotard,2
dunch,0
fraud,6
gills,6
gio,2
gitch,0
goles,0
goths,3
grill,6
hectic,6
heroic,6
hudna,2
hui,2
icky,6
invar,2
knaur,2
kuia,2
kyar,2
lauch,0
lilts,4
locies,2
loirs,2
lumbi,2
maut,0
merch,2
mico,2
mihrab,4
mna,2
moider,2
muid,2
mulch,6
murlin,2
nairu,0
naric,2
nauch,2
nick,6
nirl,0
ochre,4
oes,0
ohm,4
recti,2
roes,2
roils,6
role,6
rost,0
rots,6
shire,4
awry,6
bardic,4
binary,6
brack,2
brain,6
brainy,6
bunch,6
burro,2
cairny,1
chin,6
cito,1
clan,6
clit,2
clog,6
cose,1
coset,2
cost,6
cotes,2
cots,6
cranky,6
cris,2
curli,2
dirham,2
drac,0
durra,2
ech,2
eco,2
frat,2
gist,6
goer,3
gole,0
gore,6
grit,6
host,6
ice,6
ikan,2
ire,6
kray,2
labrum,4
launch,6
lest,6
lilos,2
lilt,6
lits,1
loge,2
lose,6
lost,6
lote,2
lots,6
lumbar,4
mach,4
maulvi,2
muil,0
nary,4
rego,0
reos,2
resh,2
rhumba,2
riancy,2
riot,6
rise,6
roil,6
rose,6
rote,6
rotls,2
rumbo,2
scrog,0
seco,2
sicht,2
sile,2
silt,6
sire,6
site,6
sole,6
sore,6
sortie,6
soth,2
stich,2
tambur,2
tehrs,2
tils,2
tire,6
tocs,2
togs,2
tole,2
tore,6
tors,2
tose,0
tosh,2
tram,6
troad,0
turf,6
uncharm,2
unchild,0
unvail,0
unwary,2
urari,2
urbia,1
urchin,6
urinary,6
uva,2
vair,2
vraic,2
wink,6
abort,6
ach,2
almud,2
amort,1
brank,0
cardi,0
durbar,2
mortar,6
rainy,6
raunch,0
ribald,4
udo,2
ufo,2
ulmin,2
unbark,2
urban,6
vicuna,2
afro,3
atom,6
incur,6
trou,1
umbo,2
abo,0
abord,0
abri,2
abrin,2
acrid,6
adbot,2
ado,6
ahi,4
ahind,1
aid,6
ail,6
akin,6
album,6
alcid,3
alu,2
ami,1
amid,4
amin,2
amir,2
amu,2
and,6
ani,2
any,6
arbor,4
archi,2
archil,2
ardor,6
aril,2
armil,2
armor,6
awny,2
back,6
bail,6
bairn,2
barro,0
bedim,2
bichrome,2
biformed,2
bimah,2
binal,2
biro,2
boa,6
boart,2
bodhi,2
bordar,2
border,6
borer,2
bran,4
branch,6
branky,0
braw,0
bred,6
brei,2
breid,0
brer,2
bride,6
brie,0
brief,6
brimmed,4
broad,6
broch,2
broche,2
broider,2
brome,2
bromic,3
bromide,4
brommer,2
brumal,2
budi,2
bunya,2
cairn,4
calm,6
cany,2
cecils,2
cellist,6
cello,6
ceorls,0
cerocs,2
ceros,2
cha,2
chai,4
chal,2
char,2
chard,6
chef,6
chefdom,2
cherts,3
chesil,2
chia,4
chic,6
chicer,3
chicest,3
chicle,4
chicles,3
chicots,2
chider,2
chief,6
chiefdom,3
chiels,0
bunia,2
chigoes,2
chigre,2
chigres,2
chiles,2
chills,6
chimed,4
chimer,2
chimla,2
china,6
chiral,2
chirls,0
chirmed,2
chiros,1
chirr,2
chirre,2
chirts,2
chisel,6
chlorite,4
choc,0
chode,3
choices,6
choils,2
choirs,6
choler,2
choleric,2
cholers,2
cholis,2
chord,6
chore,6
chored,2
choregi,2
chores,6
chorist,2
chose,6
chrome,6
chromed,2
chromide,2
chromier,2
circle,6
circles,6
circlet,4
cisco,2
cites,6
citole,2
cleric,6
clerics,6
cliche,6
cliches,6
clies,1
climb,6
cloche,2
cloches,2
close,6
closer,6
closet,6
clot,6
clotes,2
clothe,6
clothes,6
cloths,6
clots,6
coches,2
coctile,2
coilers,2
colics,2
collect,6
colliers,3
combed,6
commer,0
cortile,2
cosech,0
cosie,2
cram,6
credo,4
crem,2
cremor,2
cresol,2
crest,6
cretic,2
cretics,2
cried,6
crime,6
crimed,2
crimmer,2
crise,2
criths,2
croc,2
croche,2
croches,2
crocs,2
crog,2
crombed,2
cromed,2
crore,3
crost,2
crotch,4
crotches,3
cyan,6
dari,2
decor,6
defi,1
deform,6
deif,2
demic,2
dermic,3
dero,2
dial,6
dieb,2
dimmer,6
dirhem,2
dormer,4
drachm,2
dreich,0
drice,2
drome,2
dromic,2
duci,2
ecco,2
echo,6
chicos,2
chicot,2
chigoe,2
chollers,2
choregic,2
cicero,2
circlets,3
cogies,2
coster,2
echoist,2
echos,6
echt,2
ecod,0
egis,1
ego,6
eish,1
elchi,2
elchis,2
elhi,2
ells,2
eltchi,2
eltchis,2
elts,2
emic,2
emir,3
emo,2
erf,2
eric,0
erotic,6
erotics,3
err,6
escroc,2
escroll,2
estrich,2
ethic,6
ethics,6
etic,2
fehmic,2
fermi,3
ferric,4
fibred,2
fie,2
fier,2
firmed,2
forced,6
forcer,2
formed,6
former,6
fou,0
frib,2
fried,6
froe,2
frore,2
fumado,2
geit,0
gelts,2
geos,2
ghis,2
gies,0
gillet,0
girolle,4
gites,2
gits,2
glitch,6
gloires,2
glories,3
goers,3
goetic,2
goller,0
gollers,0
gores,6
gori,2
gorse,2
gosht,2
goslet,2
goster,0
gothic,4
grice,2
grices,2
grille,6
grilles,6
gris,2
griths,2
groset,0
harn,2
heid,0
helos,0
helots,2
herdic,2
heriot,2
heroics,6
hila,2
hilar,2
hiller,2
hilts,6
himbo,2
hires,6
hirsel,2
hirsle,2
hoe,6
hoed,4
hogties,6
holist,2
holler,6
holts,2
hombre,2
horis,2
horst,2
hotels,6
iced,6
cerotic,2
cries,6
ergos,2
ergotic,4
erics,2
escrol,2
feod,2
ghest,0
gillets,0
girths,2
glits,0
goels,2
gothics,2
grills,6
hellos,6
icer,2
icers,2
ices,6
iched,0
iches,0
ichor,4
ichors,3
ichs,0
icy,6
ide,2
idem,2
ihram,2
illth,2
illths,2
imbed,2
inch,6
ired,2
ires,3
ish,2
isle,6
itch,6
itches,6
ither,0
its,6
kain,0
knub,2
lanch,1
larum,1
leirs,0
liches,0
lichter,0
lichts,0
lighter,6
lights,6
lima,3
liman,2
limba,2
linac,2
linum,2
lirot,2
liroth,2
listel,1
lither,4
litho,0
lithos,0
liths,1
logics,3
logie,2
logies,2
loir,2
lorics,2
loris,2
lotes,0
lother,0
lotic,2
lurch,6
mail,6
mambo,6
manul,2
mbira,2
medic,6
medico,0
mhorr,2
miched,0
micher,0
mimed,6
mobie,0
moe,0
moer,2
morat,2
moriche,2
morra,2
mou,0
naik,2
nidal,2
nikau,2
nubia,2
nuchal,2
oaf,6
oba,2
obe,2
obi,2
oche,2
ochers,3
oches,2
ochred,2
ochres,3
oda,2
ode,6
odic,3
ogle,6
ogler,3
ogre,6
ogres,6
ohed,1
ohmic,3
oma,2
omber,3
ombre,4
ombu,2
omer,2
orbed,2
orchid,6
orchil,2
orchils,2
orchis,2
order,6
ore,6
orfe,2
ormer,2
orra,0
ostrich,6
rach,0
ranch,6
rebid,2
reccos,0
recits,2
recomb,2
reform,6
regos,0
relics,6
brio,2
citers,2
coirs,2
cortices,4
crios,2
ecos,0
foe,6
frier,2
gestic,2
gilets,2
gitches,0
gleis,2
goest,0
goeth,0
hoist,6
moi,2
ogles,6
orcs,6
orectic,2
ose,2
regilt,2
relict,4
relicts,2
relish,6
rellish,0
rello,2
remorid,2
resight,2
rhime,0
rhodic,2
rhodie,0
rhomb,2
rhombi,4
rhotic,4
riched,2
richer,6
riches,6
richts,0
riels,2
righto,2
rigol,2
rigoll,2
rigolls,2
rigols,2
rillet,2
rimmed,4
rimmer,2
roches,2
roesti,2
rollies,2
rorid,2
roset,0
roshi,2
rosit,0
rosti,2
rotes,2
roti,6
rotis,3
rubato,4
rudi,2
runback,4
schiller,2
schorl,2
sciroc,2
scog,0
scorch,6
score,6
scot,6
scotch,6
screich,0
screigh,0
scriech,0
scritch,2
seghol,2
segol,2
sehri,2
shell,6
shir,2
shite,1
shog,0
shogi,4
shore,6
shorl,2
short,6
shot,6
shote,2
sighter,0
silo,6
sithe,0
sleigh,6
slice,6
slicer,4
slight,6
slit,6
slither,6
sloe,2
slog,6
slot,6
sloth,6
soger,2
soil,6
solgel,2
soli,4
stelic,2
stell,2
steric,2
still,6
stir,6
stole,6
store,6
storge,2
stroll,6
tao,2
teils,2
teloi,2
telos,2
theics,2
theoric,1
theorics,0
thig,0
thiller,2
thills,2
thio,2
thiol,2
thir,0
thirls,2
this,6
thole,2
tholes,2
thoric,2
those,6
thrice,6
throe,4
throes,6
tices,2
tier,6
tiges,2
tigs,2
echoic,2
egos,6
elogist,2
escort,6
estriol,2
etics,2
girts,2
glei,2
griot,2
grise,2
heist,6
hoers,2
hois,2
illest,3
ios,0
iso,2
ogrish,2
oils,6
rectos,2
rillets,2
scroll,6
sector,6
shero,2
sight,6
solei,2
soller,2
strig,2
theirs,6
tiller,2
tillers,2
tirls,2
tiroes,2
tiros,2
tis,2
tofu,6
toge,0
toges,2
toilers,2
toisech,0
toles,2
toller,2
tollers,2
tolls,6
tora,1
torch,6
torcs,2
tores,2
tori,2
torics,2
tories,2
torse,2
torsel,2
torsi,2
tosher,1
trice,2
trices,2
trie,2
tries,6
trig,2
trill,6
trio,6
troche,2
trochi,2
troll,6
trollish,2
trolls,6
turr,2
udal,2
uhlan,2
ulan,2
ulna,6
ulnar,4
umbra,4
umbral,3
umma,2
umra,2
umrah,2
unai,2
uncia,2
uni,2
unica,2
urali,2
urnal,2
urva,2
uta,2
yank,6
anuric,3
choice,6
estro,2
glost,2
goiter,6
grits,6
grots,2
hillcrest,2
legist,2
legits,2
loiter,6
lorels,2
oles,2
ores,6
ostler,2
riots,6
shit,3
sorell,0
stile,2
stire,2
tehsil,2
toiler,2
trigo,2
trog,2
trogs,2
ballant,0
beef,6
beefing,4
beep,6
benj,1
betting,6
bight,6
bigos,1
biodots,1
bito,1
bitos,1
bits,6
bob,6
bobo,1
bogs,6
boho,1
bohs,0
boo,3
booh,1
boohs,1
boos,2
boost,6
cagot,2
callant,0
capo,6
catsuit,4
cents,6
coda,6
coho,4
cohog,2
company,6
conf,0
confab,3
confers,6
confs,0
conners,2
consent,6
convoy,6
copy,6
cornu,2
cory,1
cowhand,4
crampon,6
crepons,2
crypton,0
derig,2
dibs,6
didos,2
didst,0
dig,6
dight,2
doco,2
dodo,6
dodos,6
dog,6
dohs,0
dojo,6
doo,2
doos,2
dop,0
dory,2
dosh,0
dotal,2
doy,0
dzho,1
dzo,1
factory,6
fap,2
faw,2
fecht,0
feeb,0
feen,0
fent,2
fents,2
fett,0
fetting,0
fonts,6
forceps,6
frack,6
fuck,3
gadjo,2
gallant,6
gart,0
gau,2
gaud,2
gaudy,6
gaup,2
gawky,2
geal,0
geat,2
gestalt,6
geta,2
gid,2
gids,2
glad,6
gobs,6
god,6
godly,6
godso,2
goff,1
gold,6
goldy,2
gonches,0
goo,6
goodish,2
goos,4
gout,6
gouty,2
goy,2
groat,2
grok,4
group,6
grout,6
gucky,2
gula,2
gulfy,2
gup,2
guppy,6
gur,2
guyot,2
gyoza,4
haku,2
halo,6
haul,6
haut,0
hefts,6
heigh,1
high,6
highs,6
hight,1
hobo,4
hodja,2
hogh,0
hoh,0
hohs,0
holdup,6
honour,1
hoo,0
hoord,0
hoosh,2
hurry,6
jato,1
jeeping,2
jet,6
jetting,4
jibe,3
kaliums,2
kam,0
karo,2
kati,2
kero,0
keto,2
kittuls,2
kore,2
kotwals,2
lack,6
largest,6
lark,6
larky,2
latters,2
lawk,0
lazo,0
legwork,6
lod,0
lotah,2
lotters,2
mak,0
mastich,2
mawk,2
mawky,2
meff,0
meffs,0
meg,2
midge,2
mihi,2
miscall,2
misluck,1
moan,6
mona,2
moz,0
mucky,3
mullahs,4
murky,6
nabob,4
neep,0
neg,2
netting,6
nip,6
nohow,3
noma,2
noo,0
nown,0
nowy,2
noy,0
oak,6
ooh,2
oohs,2
oon,0
oup,2
paco,2
party,6
patty,6
patu,2
peen,2
peening,2
pene,1
pennons,2
petting,6
pfennige,2
pie,6
pint,6
poco,2
pony,6
porty,2
pott,2
potty,6
poupt,0
pout,6
pouty,6
powneys,0
poynant,0
poz,0
pratt,0
purty,0
putt,6
putto,2
putty,6
pycnons,1
rapt,6
ratty,6
reak,0
roguy,1
roke,0
ront,0
roup,0
routh,0
row,6
rowt,1
ryfe,0
sod,6
tachism,2
taki,2
talk,6
talwegs,2
tapu,2
targets,6
tart,6
tarty,3
tatlers,0
tattows,0
tatu,0
tau,4
taut,6
tawt,0
tea,6
technos,2
teffs,2
tent,6
tenting,4
tewarts,2
thorn,6
tik,1
toco,2
today,6
toerags,2
toga,6
toho,2
told,6
tolters,0
tony,6
topaz,6
toppy,2
torn,6
tost,0
tots,4
totters,6
toughly,6
tout,6
towt,0
troat,2
trop,2
tui,2
vodou,0
vodoun,0
vrou,2
wakf,2
wammul,0
warty,4
watt,6
wattest,0
waz,1
weak,6
weka,3
whoop,6
wonners,0
wort,4
wottest,0
yarto,2
yont,2
yug,2
yuga,2
yurta,2
zappy,2
ziti,6
zoa,2
zupa,2
zuppa,2
ballan,2
ballat,0
banco,2
beget,4
begin,6
benefit,6
benet,1
biogs,0
bios,2
bitte,2
black,6
boba,4
bohos,2
canyon,6
cattish,2
caum,0
cazh,1
cens,2
chop,6
chut,2
clank,4
codon,4
coffs,2
coms,1
confer,6
connes,0
conns,2
cons,6
convo,2
corny,6
crapy,2
cron,0
crons,0
crown,6
cultism,2
cultist,6
dago,1
dhow,4
dobs,0
dods,0
doggy,3
donut,6
doobs,2
dopy,1
dough,6
duply,0
duroy,2
fah,0
fantom,0
fegs,0
feni,2
fens,6
fetch,6
fine,6
fitte,0
fogs,6
fohns,2
fonda,2
foynes,2
frons,2
frown,6
frowy,2
frypan,2
fulmar,2
gajo,2
gapy,2
gath,2
gauzy,2
gazy,2
gems,6
genet,2
genip,2
gens,2
gif,1
goffs,1
goods,6
grew,6
gulpy,1
guly,0
hens,6
hents,0
higher,6
hish,0
hobos,4
hoghs,0
hoods,6
hoor,2
hoots,6
huggy,2
jig,6
jomo,2
kali,2
khilats,2
killuts,2
kis,2
kula,2
lady,6
laik,2
langar,2
lou,0
loy,2
lusk,2
math,4
matzoh,4
mechs,3
megs,2
meths,1
might,6
mochs,2
mocs,2
mogs,2
mons,2
moths,6
musk,6
myopy,2
nefs,2
negs,2
nepit,2
nets,6
nife,2
noah,0
noms,2
non,2
nonces,6
nonfat,4
notch,6
oat,6
odds,6
oestral,2
ogam,0
okes,2
oot,0
paly,1
pennon,1
pine,6
ping,6
podgy,1
poly,2
ponces,2
poncey,2
pownd,0
powney,0
proyn,0
pudgy,6
puggy,2
pupa,6
purpy,0
raglan,2
ratbag,2
retotal,2
roupy,2
rudy,2
sac,6
scorn,6
sidh,0
sik,0
skag,2
skaw,2
skeo,1
snowy,6
staw,0
swat,6
swerf,0
sworn,6
tachist,2
taco,6
talcums,3
talkers,4
tallish,3
tallith,2
tarnal,1
tartlet,3
tatters,6
tattler,4
tattles,6
tefs,2
tench,2
tenet,6
tenge,2
tens,6
thallium,6
toffs,2
tohos,2
tons,6
too,6
tort,6
touzy,2
towages,2
track,6
trayf,2
trek,6
twas,2
twat,3
walkers,4
yowza,2
zhomo,2
